cash,bus,week,crimes,m,control1,control2,control3,control4,control5,control6,control7,control8,control9,control10,control11,control12,street
0,1,0,9,1,1,0,0,0,0,0,0,0,0,0,0,0,242
0,1,1,4,1,1,0,0,0,0,0,0,0,0,0,0,0,289
0,1,2,9,1,1,0,0,0,0,0,0,0,0,0,0,0,299
0,1,3,6,1,1,0,0,0,0,0,0,0,0,0,0,0,274
0,1,4,12,1,1,0,0,0,0,0,0,0,0,0,0,0,290
0,1,5,6,2,0,1,0,0,0,0,0,0,0,0,0,0,310
0,1,6,5,2,0,1,0,0,0,0,0,0,0,0,0,0,310
0,1,7,7,2,0,1,0,0,0,0,0,0,0,0,0,0,300
0,1,8,7,2,0,1,0,0,0,0,0,0,0,0,0,0,309
0,1,9,9,3,0,0,1,0,0,0,0,0,0,0,0,0,326
0,1,10,13,3,0,0,1,0,0,0,0,0,0,0,0,0,363
0,1,11,16,3,0,0,1,0,0,0,0,0,0,0,0,0,374
0,1,12,12,3,0,0,1,0,0,0,0,0,0,0,0,0,322
0,1,13,17,4,0,0,0,1,0,0,0,0,0,0,0,0,275
0,1,14,14,4,0,0,0,1,0,0,0,0,0,0,0,0,326
0,1,15,15,4,0,0,0,1,0,0,0,0,0,0,0,0,302
0,1,16,11,4,0,0,0,1,0,0,0,0,0,0,0,0,304
0,1,17,8,4,0,0,0,1,0,0,0,0,0,0,0,0,322
0,1,18,8,5,0,0,0,0,1,0,0,0,0,0,0,0,333
0,1,19,8,5,0,0,0,0,1,0,0,0,0,0,0,0,287
0,1,20,14,5,0,0,0,0,1,0,0,0,0,0,0,0,264
0,1,21,11,5,0,0,0,0,1,0,0,0,0,0,0,0,335
0,1,22,9,6,0,0,0,0,0,1,0,0,0,0,0,0,314
0,1,23,9,6,0,0,0,0,0,1,0,0,0,0,0,0,329
0,1,24,10,6,0,0,0,0,0,1,0,0,0,0,0,0,316
0,1,25,10,6,0,0,0,0,0,1,0,0,0,0,0,0,328
0,1,26,18,7,0,0,0,0,0,0,1,0,0,0,0,0,342
0,1,27,17,7,0,0,0,0,0,0,1,0,0,0,0,0,309
0,1,28,11,7,0,0,0,0,0,0,1,0,0,0,0,0,328
0,1,29,9,7,0,0,0,0,0,0,1,0,0,0,0,0,351
0,1,30,20,7,0,0,0,0,0,0,1,0,0,0,0,0,398
0,1,31,22,8,0,0,0,0,0,0,0,1,0,0,0,0,387
0,1,32,12,8,0,0,0,0,0,0,0,1,0,0,0,0,414
0,1,33,13,8,0,0,0,0,0,0,0,1,0,0,0,0,380
0,1,34,18,8,0,0,0,0,0,0,0,1,0,0,0,0,398
0,1,35,13,9,0,0,0,0,0,0,0,0,1,0,0,0,407
0,1,36,13,9,0,0,0,0,0,0,0,0,1,0,0,0,382
0,1,37,9,9,0,0,0,0,0,0,0,0,1,0,0,0,337
0,1,38,14,9,0,0,0,0,0,0,0,0,1,0,0,0,386
0,1,39,24,10,0,0,0,0,0,0,0,0,0,1,0,0,423
0,1,40,15,10,0,0,0,0,0,0,0,0,0,1,0,0,393
0,1,41,22,10,0,0,0,0,0,0,0,0,0,1,0,0,378
0,1,42,14,10,0,0,0,0,0,0,0,0,0,1,0,0,372
0,1,43,22,10,0,0,0,0,0,0,0,0,0,1,0,0,378
0,1,44,19,11,0,0,0,0,0,0,0,0,0,0,1,0,331
0,1,45,18,11,0,0,0,0,0,0,0,0,0,0,1,0,382
0,1,46,23,11,0,0,0,0,0,0,0,0,0,0,1,0,365
0,1,47,12,11,0,0,0,0,0,0,0,0,0,0,1,0,353
0,1,48,12,12,0,0,0,0,0,0,0,0,0,0,0,1,312
0,1,49,25,12,0,0,0,0,0,0,0,0,0,0,0,1,342
0,1,50,7,12,0,0,0,0,0,0,0,0,0,0,0,1,322
0,1,51,14,12,0,0,0,0,0,0,0,0,0,0,0,1,290
0,1,52,13,12,0,0,0,0,0,0,0,0,0,0,0,1,256
0,1,53,13,1,1,0,0,0,0,0,0,0,0,0,0,0,334
0,1,54,11,1,1,0,0,0,0,0,0,0,0,0,0,0,303
0,1,55,10,1,1,0,0,0,0,0,0,0,0,0,0,0,307
0,1,56,11,1,1,0,0,0,0,0,0,0,0,0,0,0,332
0,1,57,4,2,0,1,0,0,0,0,0,0,0,0,0,0,310
0,1,58,10,2,0,1,0,0,0,0,0,0,0,0,0,0,314
0,1,59,11,2,0,1,0,0,0,0,0,0,0,0,0,0,290
0,1,60,13,2,0,1,0,0,0,0,0,0,0,0,0,0,323
0,1,61,23,3,0,0,1,0,0,0,0,0,0,0,0,0,346
0,1,62,21,3,0,0,1,0,0,0,0,0,0,0,0,0,433
0,1,63,16,3,0,0,1,0,0,0,0,0,0,0,0,0,346
0,1,64,10,3,0,0,1,0,0,0,0,0,0,0,0,0,388
0,1,65,20,4,0,0,0,1,0,0,0,0,0,0,0,0,425
0,1,66,16,4,0,0,0,1,0,0,0,0,0,0,0,0,366
0,1,67,16,4,0,0,0,1,0,0,0,0,0,0,0,0,352
0,1,68,18,4,0,0,0,1,0,0,0,0,0,0,0,0,383
0,1,69,9,4,0,0,0,1,0,0,0,0,0,0,0,0,409
0,1,70,16,5,0,0,0,0,1,0,0,0,0,0,0,0,406
0,1,71,13,5,0,0,0,0,1,0,0,0,0,0,0,0,394
0,1,72,15,5,0,0,0,0,1,0,0,0,0,0,0,0,427
0,1,73,13,5,0,0,0,0,1,0,0,0,0,0,0,0,448
0,1,74,14,6,0,0,0,0,0,1,0,0,0,0,0,0,335
0,1,75,14,6,0,0,0,0,0,1,0,0,0,0,0,0,448
0,1,76,12,6,0,0,0,0,0,1,0,0,0,0,0,0,467
0,1,77,14,6,0,0,0,0,0,1,0,0,0,0,0,0,398
0,1,78,22,7,0,0,0,0,0,0,1,0,0,0,0,0,515
0,1,79,9,7,0,0,0,0,0,0,1,0,0,0,0,0,330
0,1,80,10,7,0,0,0,0,0,0,1,0,0,0,0,0,366
0,1,81,14,7,0,0,0,0,0,0,1,0,0,0,0,0,351
0,1,82,10,7,0,0,0,0,0,0,1,0,0,0,0,0,441
0,1,83,13,8,0,0,0,0,0,0,0,1,0,0,0,0,433
0,1,84,13,8,0,0,0,0,0,0,0,1,0,0,0,0,493
0,1,85,12,8,0,0,0,0,0,0,0,1,0,0,0,0,510
0,1,86,21,8,0,0,0,0,0,0,0,1,0,0,0,0,526
0,1,87,15,9,0,0,0,0,0,0,0,0,1,0,0,0,411
0,1,88,19,9,0,0,0,0,0,0,0,0,1,0,0,0,454
0,1,89,9,9,0,0,0,0,0,0,0,0,1,0,0,0,350
0,1,90,12,9,0,0,0,0,0,0,0,0,1,0,0,0,422
0,1,91,13,9,0,0,0,0,0,0,0,0,1,0,0,0,458
0,1,92,12,10,0,0,0,0,0,0,0,0,0,1,0,0,399
0,1,93,20,10,0,0,0,0,0,0,0,0,0,1,0,0,457
0,1,94,24,10,0,0,0,0,0,0,0,0,0,1,0,0,478
0,1,95,21,10,0,0,0,0,0,0,0,0,0,1,0,0,481
0,1,96,22,11,0,0,0,0,0,0,0,0,0,0,1,0,423
0,1,97,13,11,0,0,0,0,0,0,0,0,0,0,1,0,469
0,1,98,22,11,0,0,0,0,0,0,0,0,0,0,1,0,441
0,1,99,18,11,0,0,0,0,0,0,0,0,0,0,1,0,474
0,1,100,13,12,0,0,0,0,0,0,0,0,0,0,0,1,337
0,1,101,12,12,0,0,0,0,0,0,0,0,0,0,0,1,397
0,1,102,18,12,0,0,0,0,0,0,0,0,0,0,0,1,366
0,1,103,12,12,0,0,0,0,0,0,0,0,0,0,0,1,360
0,1,104,8,12,0,0,0,0,0,0,0,0,0,0,0,1,354
0,1,105,7,1,1,0,0,0,0,0,0,0,0,0,0,0,342
0,1,106,9,1,1,0,0,0,0,0,0,0,0,0,0,0,350
0,1,107,8,1,1,0,0,0,0,0,0,0,0,0,0,0,303
0,1,108,8,1,1,0,0,0,0,0,0,0,0,0,0,0,415
0,1,109,15,2,0,1,0,0,0,0,0,0,0,0,0,0,331
0,1,110,7,2,0,1,0,0,0,0,0,0,0,0,0,0,371
0,1,111,8,2,0,1,0,0,0,0,0,0,0,0,0,0,389
0,1,112,9,2,0,1,0,0,0,0,0,0,0,0,0,0,461
0,1,113,6,3,0,0,1,0,0,0,0,0,0,0,0,0,389
0,1,114,9,3,0,0,1,0,0,0,0,0,0,0,0,0,486
0,1,115,13,3,0,0,1,0,0,0,0,0,0,0,0,0,465
0,1,116,8,3,0,0,1,0,0,0,0,0,0,0,0,0,369
0,1,117,12,3,0,0,1,0,0,0,0,0,0,0,0,0,473
0,1,118,8,4,0,0,0,1,0,0,0,0,0,0,0,0,453
0,1,119,10,4,0,0,0,1,0,0,0,0,0,0,0,0,462
0,1,120,18,4,0,0,0,1,0,0,0,0,0,0,0,0,478
0,1,121,9,4,0,0,0,1,0,0,0,0,0,0,0,0,496
0,1,122,16,5,0,0,0,0,1,0,0,0,0,0,0,0,474
0,1,123,12,5,0,0,0,0,1,0,0,0,0,0,0,0,464
0,1,124,11,5,0,0,0,0,1,0,0,0,0,0,0,0,436
0,1,125,11,5,0,0,0,0,1,0,0,0,0,0,0,0,481
0,1,126,13,6,0,0,0,0,0,1,0,0,0,0,0,0,457
0,1,127,14,6,0,0,0,0,0,1,0,0,0,0,0,0,430
0,1,128,8,6,0,0,0,0,0,1,0,0,0,0,0,0,449
0,1,129,11,6,0,0,0,0,0,1,0,0,0,0,0,0,498
0,1,130,10,6,0,0,0,0,0,1,0,0,0,0,0,0,541
0,1,131,11,7,0,0,0,0,0,0,1,0,0,0,0,0,453
0,1,132,7,7,0,0,0,0,0,0,1,0,0,0,0,0,485
0,1,133,11,7,0,0,0,0,0,0,1,0,0,0,0,0,489
0,1,134,12,7,0,0,0,0,0,0,1,0,0,0,0,0,587
0,1,135,16,8,0,0,0,0,0,0,0,1,0,0,0,0,462
0,1,136,17,8,0,0,0,0,0,0,0,1,0,0,0,0,537
0,1,137,13,8,0,0,0,0,0,0,0,1,0,0,0,0,513
0,1,138,13,8,0,0,0,0,0,0,0,1,0,0,0,0,419
0,1,139,13,9,0,0,0,0,0,0,0,0,1,0,0,0,559
0,1,140,13,9,0,0,0,0,0,0,0,0,1,0,0,0,445
0,1,141,13,9,0,0,0,0,0,0,0,0,1,0,0,0,418
0,1,142,14,9,0,0,0,0,0,0,0,0,1,0,0,0,521
0,1,143,17,9,0,0,0,0,0,0,0,0,1,0,0,0,575
0,1,144,19,10,0,0,0,0,0,0,0,0,0,1,0,0,520
0,1,145,8,10,0,0,0,0,0,0,0,0,0,1,0,0,473
0,1,146,18,10,0,0,0,0,0,0,0,0,0,1,0,0,521
0,1,147,14,10,0,0,0,0,0,0,0,0,0,1,0,0,548
0,1,148,18,11,0,0,0,0,0,0,0,0,0,0,1,0,467
0,1,149,13,11,0,0,0,0,0,0,0,0,0,0,1,0,424
0,1,150,21,11,0,0,0,0,0,0,0,0,0,0,1,0,424
0,1,151,26,11,0,0,0,0,0,0,0,0,0,0,1,0,430
0,1,152,17,12,0,0,0,0,0,0,0,0,0,0,0,1,466
0,1,153,11,12,0,0,0,0,0,0,0,0,0,0,0,1,435
0,1,154,8,12,0,0,0,0,0,0,0,0,0,0,0,1,428
0,1,155,7,12,0,0,0,0,0,0,0,0,0,0,0,1,371
0,1,156,9,12,0,0,0,0,0,0,0,0,0,0,0,1,368
0,1,157,15,1,1,0,0,0,0,0,0,0,0,0,0,0,361
0,1,158,16,1,1,0,0,0,0,0,0,0,0,0,0,0,435
0,1,159,14,1,1,0,0,0,0,0,0,0,0,0,0,0,354
0,1,160,9,1,1,0,0,0,0,0,0,0,0,0,0,0,400
0,1,161,9,2,0,1,0,0,0,0,0,0,0,0,0,0,303
0,1,162,12,2,0,1,0,0,0,0,0,0,0,0,0,0,336
0,1,163,2,2,0,1,0,0,0,0,0,0,0,0,0,0,316
0,1,164,12,2,0,1,0,0,0,0,0,0,0,0,0,0,343
0,1,165,13,3,0,0,1,0,0,0,0,0,0,0,0,0,405
0,1,166,19,3,0,0,1,0,0,0,0,0,0,0,0,0,360
0,1,167,11,3,0,0,1,0,0,0,0,0,0,0,0,0,380
0,1,168,12,3,0,0,1,0,0,0,0,0,0,0,0,0,383
0,1,169,8,3,0,0,1,0,0,0,0,0,0,0,0,0,415
0,1,170,12,4,0,0,0,1,0,0,0,0,0,0,0,0,426
0,1,171,16,4,0,0,0,1,0,0,0,0,0,0,0,0,409
0,1,172,8,4,0,0,0,1,0,0,0,0,0,0,0,0,378
0,1,173,9,4,0,0,0,1,0,0,0,0,0,0,0,0,408
0,1,174,9,5,0,0,0,0,1,0,0,0,0,0,0,0,356
0,1,175,13,5,0,0,0,0,1,0,0,0,0,0,0,0,385
0,1,176,13,5,0,0,0,0,1,0,0,0,0,0,0,0,359
0,1,177,12,5,0,0,0,0,1,0,0,0,0,0,0,0,374
0,1,178,11,5,0,0,0,0,1,0,0,0,0,0,0,0,384
0,1,179,9,6,0,0,0,0,0,1,0,0,0,0,0,0,370
0,1,180,16,6,0,0,0,0,0,1,0,0,0,0,0,0,391
0,1,181,9,6,0,0,0,0,0,1,0,0,0,0,0,0,400
0,1,182,16,6,0,0,0,0,0,1,0,0,0,0,0,0,430
0,1,183,8,7,0,0,0,0,0,0,1,0,0,0,0,0,373
0,1,184,6,7,0,0,0,0,0,0,1,0,0,0,0,0,419
0,1,185,8,7,0,0,0,0,0,0,1,0,0,0,0,0,378
0,1,186,17,7,0,0,0,0,0,0,1,0,0,0,0,0,429
0,1,187,9,8,0,0,0,0,0,0,0,1,0,0,0,0,355
0,1,188,17,8,0,0,0,0,0,0,0,1,0,0,0,0,368
0,1,189,13,8,0,0,0,0,0,0,0,1,0,0,0,0,357
0,1,190,14,8,0,0,0,0,0,0,0,1,0,0,0,0,384
0,1,191,10,8,0,0,0,0,0,0,0,1,0,0,0,0,394
0,1,192,8,9,0,0,0,0,0,0,0,0,1,0,0,0,369
0,1,193,17,9,0,0,0,0,0,0,0,0,1,0,0,0,368
0,1,194,12,9,0,0,0,0,0,0,0,0,1,0,0,0,323
0,1,195,19,9,0,0,0,0,0,0,0,0,1,0,0,0,403
0,1,196,14,10,0,0,0,0,0,0,0,0,0,1,0,0,341
0,1,197,14,10,0,0,0,0,0,0,0,0,0,1,0,0,351
0,1,198,21,10,0,0,0,0,0,0,0,0,0,1,0,0,405
0,1,199,16,10,0,0,0,0,0,0,0,0,0,1,0,0,373
0,1,200,9,11,0,0,0,0,0,0,0,0,0,0,1,0,408
0,1,201,17,11,0,0,0,0,0,0,0,0,0,0,1,0,367
0,1,202,17,11,0,0,0,0,0,0,0,0,0,0,1,0,381
0,1,203,19,11,0,0,0,0,0,0,0,0,0,0,1,0,344
0,1,204,12,11,0,0,0,0,0,0,0,0,0,0,1,0,348
0,1,205,14,12,0,0,0,0,0,0,0,0,0,0,0,1,338
0,1,206,12,12,0,0,0,0,0,0,0,0,0,0,0,1,337
0,1,207,9,12,0,0,0,0,0,0,0,0,0,0,0,1,265
0,1,208,9,12,0,0,0,0,0,0,0,0,0,0,0,1,336
0,1,209,16,1,1,0,0,0,0,0,0,0,0,0,0,0,308
0,1,210,7,1,1,0,0,0,0,0,0,0,0,0,0,0,320
0,1,211,5,1,1,0,0,0,0,0,0,0,0,0,0,0,326
0,1,212,17,1,1,0,0,0,0,0,0,0,0,0,0,0,328
0,1,213,9,1,1,0,0,0,0,0,0,0,0,0,0,0,328
0,1,214,11,2,0,1,0,0,0,0,0,0,0,0,0,0,300
0,1,215,7,2,0,1,0,0,0,0,0,0,0,0,0,0,287
0,1,216,8,2,0,1,0,0,0,0,0,0,0,0,0,0,292
0,1,217,5,2,0,1,0,0,0,0,0,0,0,0,0,0,341
0,1,218,12,3,0,0,1,0,0,0,0,0,0,0,0,0,336
0,1,219,10,3,0,0,1,0,0,0,0,0,0,0,0,0,407
0,1,220,14,3,0,0,1,0,0,0,0,0,0,0,0,0,342
0,1,221,13,3,0,0,1,0,0,0,0,0,0,0,0,0,398
0,1,222,16,4,0,0,0,1,0,0,0,0,0,0,0,0,315
0,1,223,9,4,0,0,0,1,0,0,0,0,0,0,0,0,330
0,1,224,20,4,0,0,0,1,0,0,0,0,0,0,0,0,352
0,1,225,12,4,0,0,0,1,0,0,0,0,0,0,0,0,389
0,1,226,17,5,0,0,0,0,1,0,0,0,0,0,0,0,384
0,1,227,11,5,0,0,0,0,1,0,0,0,0,0,0,0,344
0,1,228,15,5,0,0,0,0,1,0,0,0,0,0,0,0,347
0,1,229,21,5,0,0,0,0,1,0,0,0,0,0,0,0,346
0,1,230,10,5,0,0,0,0,1,0,0,0,0,0,0,0,389
0,1,231,12,6,0,0,0,0,0,1,0,0,0,0,0,0,352
0,1,232,15,6,0,0,0,0,0,1,0,0,0,0,0,0,355
0,1,233,16,6,0,0,0,0,0,1,0,0,0,0,0,0,339
0,1,234,13,6,0,0,0,0,0,1,0,0,0,0,0,0,382
0,1,235,7,7,0,0,0,0,0,0,1,0,0,0,0,0,364
0,1,236,13,7,0,0,0,0,0,0,1,0,0,0,0,0,396
0,1,237,11,7,0,0,0,0,0,0,1,0,0,0,0,0,349
0,1,238,13,7,0,0,0,0,0,0,1,0,0,0,0,0,431
0,1,239,25,8,0,0,0,0,0,0,0,1,0,0,0,0,473
0,1,240,14,8,0,0,0,0,0,0,0,1,0,0,0,0,434
0,1,241,20,8,0,0,0,0,0,0,0,1,0,0,0,0,426
0,1,242,27,8,0,0,0,0,0,0,0,1,0,0,0,0,442
0,1,243,19,8,0,0,0,0,0,0,0,1,0,0,0,0,463
0,1,244,22,9,0,0,0,0,0,0,0,0,1,0,0,0,410
0,1,245,14,9,0,0,0,0,0,0,0,0,1,0,0,0,366
0,1,246,18,9,0,0,0,0,0,0,0,0,1,0,0,0,385
0,1,247,30,9,0,0,0,0,0,0,0,0,1,0,0,0,492
0,1,248,23,10,0,0,0,0,0,0,0,0,0,1,0,0,450
0,1,249,22,10,0,0,0,0,0,0,0,0,0,1,0,0,406
0,1,250,21,10,0,0,0,0,0,0,0,0,0,1,0,0,382
0,1,251,23,10,0,0,0,0,0,0,0,0,0,1,0,0,392
0,1,252,26,10,0,0,0,0,0,0,0,0,0,1,0,0,421
0,1,253,14,11,0,0,0,0,0,0,0,0,0,0,1,0,399
0,1,254,18,11,0,0,0,0,0,0,0,0,0,0,1,0,419
0,1,255,21,11,0,0,0,0,0,0,0,0,0,0,1,0,371
0,1,256,17,11,0,0,0,0,0,0,0,0,0,0,1,0,400
0,1,257,19,12,0,0,0,0,0,0,0,0,0,0,0,1,376
0,1,258,16,12,0,0,0,0,0,0,0,0,0,0,0,1,409
0,1,259,8,12,0,0,0,0,0,0,0,0,0,0,0,1,344
0,1,260,9,12,0,0,0,0,0,0,0,0,0,0,0,1,358
0,1,261,13,1,1,0,0,0,0,0,0,0,0,0,0,0,265
0,1,262,11,1,1,0,0,0,0,0,0,0,0,0,0,0,376
0,1,263,12,1,1,0,0,0,0,0,0,0,0,0,0,0,358
0,1,264,22,1,1,0,0,0,0,0,0,0,0,0,0,0,335
0,1,265,18,1,1,0,0,0,0,0,0,0,0,0,0,0,320
0,1,266,12,2,0,1,0,0,0,0,0,0,0,0,0,0,274
0,1,267,13,2,0,1,0,0,0,0,0,0,0,0,0,0,308
0,1,268,10,2,0,1,0,0,0,0,0,0,0,0,0,0,328
0,1,269,8,2,0,1,0,0,0,0,0,0,0,0,0,0,289
0,1,270,9,3,0,0,1,0,0,0,0,0,0,0,0,0,291
0,1,271,20,3,0,0,1,0,0,0,0,0,0,0,0,0,325
0,1,272,14,3,0,0,1,0,0,0,0,0,0,0,0,0,307
0,1,273,13,3,0,0,1,0,0,0,0,0,0,0,0,0,366
0,1,274,17,4,0,0,0,1,0,0,0,0,0,0,0,0,303
0,1,275,10,4,0,0,0,1,0,0,0,0,0,0,0,0,297
0,1,276,11,4,0,0,0,1,0,0,0,0,0,0,0,0,294
0,1,277,13,4,0,0,0,1,0,0,0,0,0,0,0,0,292
0,1,278,9,5,0,0,0,0,1,0,0,0,0,0,0,0,416
0,1,279,21,5,0,0,0,0,1,0,0,0,0,0,0,0,374
0,1,280,15,5,0,0,0,0,1,0,0,0,0,0,0,0,291
0,1,281,17,5,0,0,0,0,1,0,0,0,0,0,0,0,323
0,1,282,13,5,0,0,0,0,1,0,0,0,0,0,0,0,379
0,1,283,20,6,0,0,0,0,0,1,0,0,0,0,0,0,352
0,1,284,12,6,0,0,0,0,0,1,0,0,0,0,0,0,368
0,1,285,14,6,0,0,0,0,0,1,0,0,0,0,0,0,389
0,1,286,13,6,0,0,0,0,0,1,0,0,0,0,0,0,390
0,1,287,9,7,0,0,0,0,0,0,1,0,0,0,0,0,356
0,1,288,15,7,0,0,0,0,0,0,1,0,0,0,0,0,366
0,1,289,8,7,0,0,0,0,0,0,1,0,0,0,0,0,334
0,1,290,12,7,0,0,0,0,0,0,1,0,0,0,0,0,343
0,1,291,23,7,0,0,0,0,0,0,1,0,0,0,0,0,419
0,1,292,10,8,0,0,0,0,0,0,0,1,0,0,0,0,385
0,1,293,13,8,0,0,0,0,0,0,0,1,0,0,0,0,361
0,1,294,14,8,0,0,0,0,0,0,0,1,0,0,0,0,342
0,1,295,26,8,0,0,0,0,0,0,0,1,0,0,0,0,378
0,1,296,18,9,0,0,0,0,0,0,0,0,1,0,0,0,347
0,1,297,18,9,0,0,0,0,0,0,0,0,1,0,0,0,323
0,1,298,14,9,0,0,0,0,0,0,0,0,1,0,0,0,301
0,1,299,21,9,0,0,0,0,0,0,0,0,1,0,0,0,371
0,1,300,10,10,0,0,0,0,0,0,0,0,0,1,0,0,344
0,1,301,11,10,0,0,0,0,0,0,0,0,0,1,0,0,326
0,1,302,21,10,0,0,0,0,0,0,0,0,0,1,0,0,389
0,1,303,15,10,0,0,0,0,0,0,0,0,0,1,0,0,361
0,1,304,13,10,0,0,0,0,0,0,0,0,0,1,0,0,383
0,1,305,20,11,0,0,0,0,0,0,0,0,0,0,1,0,351
0,1,306,22,11,0,0,0,0,0,0,0,0,0,0,1,0,389
0,1,307,19,11,0,0,0,0,0,0,0,0,0,0,1,0,374
0,1,308,17,11,0,0,0,0,0,0,0,0,0,0,1,0,364
0,1,309,13,12,0,0,0,0,0,0,0,0,0,0,0,1,329
0,1,310,11,12,0,0,0,0,0,0,0,0,0,0,0,1,388
0,1,311,11,12,0,0,0,0,0,0,0,0,0,0,0,1,360
0,1,312,7,12,0,0,0,0,0,0,0,0,0,0,0,1,269
1,1,0,2,1,1,0,0,0,0,0,0,0,0,0,0,0,109
1,1,1,10,1,1,0,0,0,0,0,0,0,0,0,0,0,128
1,1,2,3,1,1,0,0,0,0,0,0,0,0,0,0,0,135
1,1,3,7,1,1,0,0,0,0,0,0,0,0,0,0,0,143
1,1,4,7,1,1,0,0,0,0,0,0,0,0,0,0,0,176
1,1,5,4,2,0,1,0,0,0,0,0,0,0,0,0,0,124
1,1,6,9,2,0,1,0,0,0,0,0,0,0,0,0,0,157
1,1,7,8,2,0,1,0,0,0,0,0,0,0,0,0,0,130
1,1,8,8,2,0,1,0,0,0,0,0,0,0,0,0,0,178
1,1,9,11,3,0,0,1,0,0,0,0,0,0,0,0,0,135
1,1,10,13,3,0,0,1,0,0,0,0,0,0,0,0,0,160
1,1,11,14,3,0,0,1,0,0,0,0,0,0,0,0,0,165
1,1,12,7,3,0,0,1,0,0,0,0,0,0,0,0,0,121
1,1,13,10,4,0,0,0,1,0,0,0,0,0,0,0,0,149
1,1,14,11,4,0,0,0,1,0,0,0,0,0,0,0,0,116
1,1,15,11,4,0,0,0,1,0,0,0,0,0,0,0,0,138
1,1,16,8,4,0,0,0,1,0,0,0,0,0,0,0,0,131
1,1,17,5,4,0,0,0,1,0,0,0,0,0,0,0,0,139
1,1,18,9,5,0,0,0,0,1,0,0,0,0,0,0,0,119
1,1,19,11,5,0,0,0,0,1,0,0,0,0,0,0,0,118
1,1,20,15,5,0,0,0,0,1,0,0,0,0,0,0,0,106
1,1,21,14,5,0,0,0,0,1,0,0,0,0,0,0,0,138
1,1,22,16,6,0,0,0,0,0,1,0,0,0,0,0,0,133
1,1,23,13,6,0,0,0,0,0,1,0,0,0,0,0,0,123
1,1,24,9,6,0,0,0,0,0,1,0,0,0,0,0,0,115
1,1,25,18,6,0,0,0,0,0,1,0,0,0,0,0,0,134
1,1,26,10,7,0,0,0,0,0,0,1,0,0,0,0,0,131
1,1,27,12,7,0,0,0,0,0,0,1,0,0,0,0,0,105
1,1,28,14,7,0,0,0,0,0,0,1,0,0,0,0,0,127
1,1,29,7,7,0,0,0,0,0,0,1,0,0,0,0,0,121
1,1,30,17,7,0,0,0,0,0,0,1,0,0,0,0,0,155
1,1,31,16,8,0,0,0,0,0,0,0,1,0,0,0,0,126
1,1,32,23,8,0,0,0,0,0,0,0,1,0,0,0,0,105
1,1,33,9,8,0,0,0,0,0,0,0,1,0,0,0,0,125
1,1,34,6,8,0,0,0,0,0,0,0,1,0,0,0,0,134
1,1,35,10,9,0,0,0,0,0,0,0,0,1,0,0,0,129
1,1,36,10,9,0,0,0,0,0,0,0,0,1,0,0,0,121
1,1,37,10,9,0,0,0,0,0,0,0,0,1,0,0,0,121
1,1,38,18,9,0,0,0,0,0,0,0,0,1,0,0,0,113
1,1,39,18,10,0,0,0,0,0,0,0,0,0,1,0,0,174
1,1,40,13,10,0,0,0,0,0,0,0,0,0,1,0,0,126
1,1,41,8,10,0,0,0,0,0,0,0,0,0,1,0,0,145
1,1,42,13,10,0,0,0,0,0,0,0,0,0,1,0,0,139
1,1,43,18,10,0,0,0,0,0,0,0,0,0,1,0,0,147
1,1,44,18,11,0,0,0,0,0,0,0,0,0,0,1,0,123
1,1,45,21,11,0,0,0,0,0,0,0,0,0,0,1,0,140
1,1,46,15,11,0,0,0,0,0,0,0,0,0,0,1,0,110
1,1,47,12,11,0,0,0,0,0,0,0,0,0,0,1,0,149
1,1,48,20,12,0,0,0,0,0,0,0,0,0,0,0,1,136
1,1,49,17,12,0,0,0,0,0,0,0,0,0,0,0,1,136
1,1,50,17,12,0,0,0,0,0,0,0,0,0,0,0,1,150
1,1,51,15,12,0,0,0,0,0,0,0,0,0,0,0,1,116
1,1,52,15,12,0,0,0,0,0,0,0,0,0,0,0,1,126
1,1,53,14,1,1,0,0,0,0,0,0,0,0,0,0,0,102
1,1,54,13,1,1,0,0,0,0,0,0,0,0,0,0,0,132
1,1,55,13,1,1,0,0,0,0,0,0,0,0,0,0,0,99
1,1,56,14,1,1,0,0,0,0,0,0,0,0,0,0,0,138
1,1,57,12,2,0,1,0,0,0,0,0,0,0,0,0,0,102
1,1,58,18,2,0,1,0,0,0,0,0,0,0,0,0,0,121
1,1,59,18,2,0,1,0,0,0,0,0,0,0,0,0,0,128
1,1,60,25,2,0,1,0,0,0,0,0,0,0,0,0,0,147
1,1,61,25,3,0,0,1,0,0,0,0,0,0,0,0,0,142
1,1,62,31,3,0,0,1,0,0,0,0,0,0,0,0,0,141
1,1,63,27,3,0,0,1,0,0,0,0,0,0,0,0,0,123
1,1,64,25,3,0,0,1,0,0,0,0,0,0,0,0,0,129
1,1,65,14,4,0,0,0,1,0,0,0,0,0,0,0,0,128
1,1,66,27,4,0,0,0,1,0,0,0,0,0,0,0,0,143
1,1,67,27,4,0,0,0,1,0,0,0,0,0,0,0,0,110
1,1,68,32,4,0,0,0,1,0,0,0,0,0,0,0,0,135
1,1,69,39,4,0,0,0,1,0,0,0,0,0,0,0,0,133
1,1,70,29,5,0,0,0,0,1,0,0,0,0,0,0,0,125
1,1,71,27,5,0,0,0,0,1,0,0,0,0,0,0,0,132
1,1,72,21,5,0,0,0,0,1,0,0,0,0,0,0,0,117
1,1,73,22,5,0,0,0,0,1,0,0,0,0,0,0,0,147
1,1,74,15,6,0,0,0,0,0,1,0,0,0,0,0,0,131
1,1,75,26,6,0,0,0,0,0,1,0,0,0,0,0,0,130
1,1,76,37,6,0,0,0,0,0,1,0,0,0,0,0,0,143
1,1,77,30,6,0,0,0,0,0,1,0,0,0,0,0,0,128
1,1,78,45,7,0,0,0,0,0,0,1,0,0,0,0,0,146
1,1,79,29,7,0,0,0,0,0,0,1,0,0,0,0,0,130
1,1,80,35,7,0,0,0,0,0,0,1,0,0,0,0,0,153
1,1,81,42,7,0,0,0,0,0,0,1,0,0,0,0,0,130
1,1,82,26,7,0,0,0,0,0,0,1,0,0,0,0,0,142
1,1,83,48,8,0,0,0,0,0,0,0,1,0,0,0,0,160
1,1,84,34,8,0,0,0,0,0,0,0,1,0,0,0,0,129
1,1,85,48,8,0,0,0,0,0,0,0,1,0,0,0,0,135
1,1,86,51,8,0,0,0,0,0,0,0,1,0,0,0,0,157
1,1,87,43,9,0,0,0,0,0,0,0,0,1,0,0,0,136
1,1,88,39,9,0,0,0,0,0,0,0,0,1,0,0,0,145
1,1,89,49,9,0,0,0,0,0,0,0,0,1,0,0,0,127
1,1,90,33,9,0,0,0,0,0,0,0,0,1,0,0,0,124
1,1,91,45,9,0,0,0,0,0,0,0,0,1,0,0,0,142
1,1,92,49,10,0,0,0,0,0,0,0,0,0,1,0,0,111
1,1,93,53,10,0,0,0,0,0,0,0,0,0,1,0,0,151
1,1,94,49,10,0,0,0,0,0,0,0,0,0,1,0,0,131
1,1,95,36,10,0,0,0,0,0,0,0,0,0,1,0,0,154
1,1,96,32,11,0,0,0,0,0,0,0,0,0,0,1,0,148
1,1,97,40,11,0,0,0,0,0,0,0,0,0,0,1,0,144
1,1,98,24,11,0,0,0,0,0,0,0,0,0,0,1,0,132
1,1,99,37,11,0,0,0,0,0,0,0,0,0,0,1,0,122
1,1,100,19,12,0,0,0,0,0,0,0,0,0,0,0,1,142
1,1,101,25,12,0,0,0,0,0,0,0,0,0,0,0,1,132
1,1,102,29,12,0,0,0,0,0,0,0,0,0,0,0,1,131
1,1,103,20,12,0,0,0,0,0,0,0,0,0,0,0,1,134
1,1,104,18,12,0,0,0,0,0,0,0,0,0,0,0,1,126
1,1,105,17,1,1,0,0,0,0,0,0,0,0,0,0,0,110
1,1,106,18,1,1,0,0,0,0,0,0,0,0,0,0,0,129
1,1,107,25,1,1,0,0,0,0,0,0,0,0,0,0,0,153
1,1,108,32,1,1,0,0,0,0,0,0,0,0,0,0,0,161
1,1,109,26,2,0,1,0,0,0,0,0,0,0,0,0,0,140
1,1,110,2,2,0,1,0,0,0,0,0,0,0,0,0,0,112
1,1,111,4,2,0,1,0,0,0,0,0,0,0,0,0,0,113
1,1,112,3,2,0,1,0,0,0,0,0,0,0,0,0,0,136
1,1,113,5,3,0,0,1,0,0,0,0,0,0,0,0,0,132
1,1,114,2,3,0,0,1,0,0,0,0,0,0,0,0,0,113
1,1,115,2,3,0,0,1,0,0,0,0,0,0,0,0,0,116
1,1,116,0,3,0,0,1,0,0,0,0,0,0,0,0,0,108
1,1,117,5,3,0,0,1,0,0,0,0,0,0,0,0,0,127
1,1,118,0,4,0,0,0,1,0,0,0,0,0,0,0,0,130
1,1,119,2,4,0,0,0,1,0,0,0,0,0,0,0,0,121
1,1,120,2,4,0,0,0,1,0,0,0,0,0,0,0,0,119
1,1,121,3,4,0,0,0,1,0,0,0,0,0,0,0,0,136
1,1,122,4,5,0,0,0,0,1,0,0,0,0,0,0,0,123
1,1,123,1,5,0,0,0,0,1,0,0,0,0,0,0,0,122
1,1,124,4,5,0,0,0,0,1,0,0,0,0,0,0,0,88
1,1,125,1,5,0,0,0,0,1,0,0,0,0,0,0,0,139
1,1,126,2,6,0,0,0,0,0,1,0,0,0,0,0,0,117
1,1,127,1,6,0,0,0,0,0,1,0,0,0,0,0,0,129
1,1,128,1,6,0,0,0,0,0,1,0,0,0,0,0,0,123
1,1,129,1,6,0,0,0,0,0,1,0,0,0,0,0,0,131
1,1,130,4,6,0,0,0,0,0,1,0,0,0,0,0,0,176
1,1,131,2,7,0,0,0,0,0,0,1,0,0,0,0,0,128
1,1,132,5,7,0,0,0,0,0,0,1,0,0,0,0,0,142
1,1,133,5,7,0,0,0,0,0,0,1,0,0,0,0,0,132
1,1,134,3,7,0,0,0,0,0,0,1,0,0,0,0,0,162
1,1,135,5,8,0,0,0,0,0,0,0,1,0,0,0,0,132
1,1,136,7,8,0,0,0,0,0,0,0,1,0,0,0,0,130
1,1,137,3,8,0,0,0,0,0,0,0,1,0,0,0,0,147
1,1,138,4,8,0,0,0,0,0,0,0,1,0,0,0,0,126
1,1,139,8,9,0,0,0,0,0,0,0,0,1,0,0,0,134
1,1,140,4,9,0,0,0,0,0,0,0,0,1,0,0,0,136
1,1,141,2,9,0,0,0,0,0,0,0,0,1,0,0,0,112
1,1,142,2,9,0,0,0,0,0,0,0,0,1,0,0,0,135
1,1,143,3,9,0,0,0,0,0,0,0,0,1,0,0,0,162
1,1,144,5,10,0,0,0,0,0,0,0,0,0,1,0,0,149
1,1,145,8,10,0,0,0,0,0,0,0,0,0,1,0,0,155
1,1,146,6,10,0,0,0,0,0,0,0,0,0,1,0,0,137
1,1,147,14,10,0,0,0,0,0,0,0,0,0,1,0,0,159
1,1,148,5,11,0,0,0,0,0,0,0,0,0,0,1,0,151
1,1,149,5,11,0,0,0,0,0,0,0,0,0,0,1,0,117
1,1,150,3,11,0,0,0,0,0,0,0,0,0,0,1,0,124
1,1,151,6,11,0,0,0,0,0,0,0,0,0,0,1,0,137
1,1,152,6,12,0,0,0,0,0,0,0,0,0,0,0,1,175
1,1,153,5,12,0,0,0,0,0,0,0,0,0,0,0,1,149
1,1,154,2,12,0,0,0,0,0,0,0,0,0,0,0,1,185
1,1,155,3,12,0,0,0,0,0,0,0,0,0,0,0,1,149
1,1,156,4,12,0,0,0,0,0,0,0,0,0,0,0,1,147
1,1,157,5,1,1,0,0,0,0,0,0,0,0,0,0,0,127
1,1,158,3,1,1,0,0,0,0,0,0,0,0,0,0,0,158
1,1,159,4,1,1,0,0,0,0,0,0,0,0,0,0,0,129
1,1,160,4,1,1,0,0,0,0,0,0,0,0,0,0,0,182
1,1,161,2,2,0,1,0,0,0,0,0,0,0,0,0,0,155
1,1,162,2,2,0,1,0,0,0,0,0,0,0,0,0,0,130
1,1,163,5,2,0,1,0,0,0,0,0,0,0,0,0,0,143
1,1,164,1,2,0,1,0,0,0,0,0,0,0,0,0,0,131
1,1,165,2,3,0,0,1,0,0,0,0,0,0,0,0,0,163
1,1,166,3,3,0,0,1,0,0,0,0,0,0,0,0,0,132
1,1,167,3,3,0,0,1,0,0,0,0,0,0,0,0,0,127
1,1,168,1,3,0,0,1,0,0,0,0,0,0,0,0,0,117
1,1,169,3,3,0,0,1,0,0,0,0,0,0,0,0,0,123
1,1,170,2,4,0,0,0,1,0,0,0,0,0,0,0,0,121
1,1,171,1,4,0,0,0,1,0,0,0,0,0,0,0,0,147
1,1,172,0,4,0,0,0,1,0,0,0,0,0,0,0,0,120
1,1,173,4,4,0,0,0,1,0,0,0,0,0,0,0,0,146
1,1,174,5,5,0,0,0,0,1,0,0,0,0,0,0,0,126
1,1,175,3,5,0,0,0,0,1,0,0,0,0,0,0,0,121
1,1,176,4,5,0,0,0,0,1,0,0,0,0,0,0,0,120
1,1,177,5,5,0,0,0,0,1,0,0,0,0,0,0,0,105
1,1,178,2,5,0,0,0,0,1,0,0,0,0,0,0,0,145
1,1,179,7,6,0,0,0,0,0,1,0,0,0,0,0,0,121
1,1,180,2,6,0,0,0,0,0,1,0,0,0,0,0,0,118
1,1,181,4,6,0,0,0,0,0,1,0,0,0,0,0,0,106
1,1,182,4,6,0,0,0,0,0,1,0,0,0,0,0,0,152
1,1,183,4,7,0,0,0,0,0,0,1,0,0,0,0,0,133
1,1,184,6,7,0,0,0,0,0,0,1,0,0,0,0,0,126
1,1,185,2,7,0,0,0,0,0,0,1,0,0,0,0,0,120
1,1,186,3,7,0,0,0,0,0,0,1,0,0,0,0,0,154
1,1,187,4,8,0,0,0,0,0,0,0,1,0,0,0,0,152
1,1,188,2,8,0,0,0,0,0,0,0,1,0,0,0,0,113
1,1,189,4,8,0,0,0,0,0,0,0,1,0,0,0,0,115
1,1,190,3,8,0,0,0,0,0,0,0,1,0,0,0,0,115
1,1,191,7,8,0,0,0,0,0,0,0,1,0,0,0,0,131
1,1,192,7,9,0,0,0,0,0,0,0,0,1,0,0,0,116
1,1,193,3,9,0,0,0,0,0,0,0,0,1,0,0,0,128
1,1,194,1,9,0,0,0,0,0,0,0,0,1,0,0,0,84
1,1,195,3,9,0,0,0,0,0,0,0,0,1,0,0,0,117
1,1,196,3,10,0,0,0,0,0,0,0,0,0,1,0,0,104
1,1,197,2,10,0,0,0,0,0,0,0,0,0,1,0,0,118
1,1,198,3,10,0,0,0,0,0,0,0,0,0,1,0,0,114
1,1,199,6,10,0,0,0,0,0,0,0,0,0,1,0,0,114
1,1,200,3,11,0,0,0,0,0,0,0,0,0,0,1,0,143
1,1,201,2,11,0,0,0,0,0,0,0,0,0,0,1,0,112
1,1,202,3,11,0,0,0,0,0,0,0,0,0,0,1,0,124
1,1,203,6,11,0,0,0,0,0,0,0,0,0,0,1,0,129
1,1,204,6,11,0,0,0,0,0,0,0,0,0,0,1,0,139
1,1,205,5,12,0,0,0,0,0,0,0,0,0,0,0,1,126
1,1,206,3,12,0,0,0,0,0,0,0,0,0,0,0,1,134
1,1,207,2,12,0,0,0,0,0,0,0,0,0,0,0,1,145
1,1,208,2,12,0,0,0,0,0,0,0,0,0,0,0,1,126
1,1,209,2,1,1,0,0,0,0,0,0,0,0,0,0,0,118
1,1,210,0,1,1,0,0,0,0,0,0,0,0,0,0,0,120
1,1,211,0,1,1,0,0,0,0,0,0,0,0,0,0,0,120
1,1,212,3,1,1,0,0,0,0,0,0,0,0,0,0,0,105
1,1,213,3,1,1,0,0,0,0,0,0,0,0,0,0,0,109
1,1,214,4,2,0,1,0,0,0,0,0,0,0,0,0,0,104
1,1,215,4,2,0,1,0,0,0,0,0,0,0,0,0,0,102
1,1,216,2,2,0,1,0,0,0,0,0,0,0,0,0,0,102
1,1,217,1,2,0,1,0,0,0,0,0,0,0,0,0,0,124
1,1,218,2,3,0,0,1,0,0,0,0,0,0,0,0,0,125
1,1,219,2,3,0,0,1,0,0,0,0,0,0,0,0,0,93
1,1,220,1,3,0,0,1,0,0,0,0,0,0,0,0,0,106
1,1,221,3,3,0,0,1,0,0,0,0,0,0,0,0,0,125
1,1,222,5,4,0,0,0,1,0,0,0,0,0,0,0,0,106
1,1,223,4,4,0,0,0,1,0,0,0,0,0,0,0,0,96
1,1,224,4,4,0,0,0,1,0,0,0,0,0,0,0,0,95
1,1,225,6,4,0,0,0,1,0,0,0,0,0,0,0,0,131
1,1,226,3,5,0,0,0,0,1,0,0,0,0,0,0,0,105
1,1,227,5,5,0,0,0,0,1,0,0,0,0,0,0,0,105
1,1,228,4,5,0,0,0,0,1,0,0,0,0,0,0,0,96
1,1,229,7,5,0,0,0,0,1,0,0,0,0,0,0,0,103
1,1,230,3,5,0,0,0,0,1,0,0,0,0,0,0,0,119
1,1,231,2,6,0,0,0,0,0,1,0,0,0,0,0,0,82
1,1,232,3,6,0,0,0,0,0,1,0,0,0,0,0,0,101
1,1,233,3,6,0,0,0,0,0,1,0,0,0,0,0,0,106
1,1,234,5,6,0,0,0,0,0,1,0,0,0,0,0,0,135
1,1,235,3,7,0,0,0,0,0,0,1,0,0,0,0,0,130
1,1,236,4,7,0,0,0,0,0,0,1,0,0,0,0,0,117
1,1,237,3,7,0,0,0,0,0,0,1,0,0,0,0,0,114
1,1,238,4,7,0,0,0,0,0,0,1,0,0,0,0,0,112
1,1,239,4,8,0,0,0,0,0,0,0,1,0,0,0,0,126
1,1,240,2,8,0,0,0,0,0,0,0,1,0,0,0,0,110
1,1,241,1,8,0,0,0,0,0,0,0,1,0,0,0,0,111
1,1,242,4,8,0,0,0,0,0,0,0,1,0,0,0,0,100
1,1,243,9,8,0,0,0,0,0,0,0,1,0,0,0,0,131
1,1,244,8,9,0,0,0,0,0,0,0,0,1,0,0,0,84
1,1,245,1,9,0,0,0,0,0,0,0,0,1,0,0,0,110
1,1,246,2,9,0,0,0,0,0,0,0,0,1,0,0,0,89
1,1,247,2,9,0,0,0,0,0,0,0,0,1,0,0,0,112
1,1,248,6,10,0,0,0,0,0,0,0,0,0,1,0,0,133
1,1,249,3,10,0,0,0,0,0,0,0,0,0,1,0,0,97
1,1,250,5,10,0,0,0,0,0,0,0,0,0,1,0,0,95
1,1,251,11,10,0,0,0,0,0,0,0,0,0,1,0,0,100
1,1,252,4,10,0,0,0,0,0,0,0,0,0,1,0,0,120
1,1,253,5,11,0,0,0,0,0,0,0,0,0,0,1,0,116
1,1,254,1,11,0,0,0,0,0,0,0,0,0,0,1,0,105
1,1,255,7,11,0,0,0,0,0,0,0,0,0,0,1,0,93
1,1,256,4,11,0,0,0,0,0,0,0,0,0,0,1,0,125
1,1,257,3,12,0,0,0,0,0,0,0,0,0,0,0,1,109
1,1,258,0,12,0,0,0,0,0,0,0,0,0,0,0,1,135
1,1,259,4,12,0,0,0,0,0,0,0,0,0,0,0,1,119
1,1,260,4,12,0,0,0,0,0,0,0,0,0,0,0,1,112
1,1,261,4,1,1,0,0,0,0,0,0,0,0,0,0,0,93
1,1,262,1,1,1,0,0,0,0,0,0,0,0,0,0,0,104
1,1,263,1,1,1,0,0,0,0,0,0,0,0,0,0,0,97
1,1,264,2,1,1,0,0,0,0,0,0,0,0,0,0,0,90
1,1,265,3,1,1,0,0,0,0,0,0,0,0,0,0,0,97
1,1,266,3,2,0,1,0,0,0,0,0,0,0,0,0,0,108
1,1,267,2,2,0,1,0,0,0,0,0,0,0,0,0,0,102
1,1,268,1,2,0,1,0,0,0,0,0,0,0,0,0,0,84
1,1,269,2,2,0,1,0,0,0,0,0,0,0,0,0,0,59
1,1,270,3,3,0,0,1,0,0,0,0,0,0,0,0,0,90
1,1,271,2,3,0,0,1,0,0,0,0,0,0,0,0,0,89
1,1,272,6,3,0,0,1,0,0,0,0,0,0,0,0,0,84
1,1,273,1,3,0,0,1,0,0,0,0,0,0,0,0,0,81
1,1,274,6,4,0,0,0,1,0,0,0,0,0,0,0,0,82
1,1,275,2,4,0,0,0,1,0,0,0,0,0,0,0,0,77
1,1,276,1,4,0,0,0,1,0,0,0,0,0,0,0,0,88
1,1,277,0,4,0,0,0,1,0,0,0,0,0,0,0,0,80
1,1,278,2,5,0,0,0,0,1,0,0,0,0,0,0,0,94
1,1,279,3,5,0,0,0,0,1,0,0,0,0,0,0,0,61
1,1,280,5,5,0,0,0,0,1,0,0,0,0,0,0,0,72
1,1,281,0,5,0,0,0,0,1,0,0,0,0,0,0,0,79
1,1,282,3,5,0,0,0,0,1,0,0,0,0,0,0,0,82
1,1,283,0,6,0,0,0,0,0,1,0,0,0,0,0,0,100
1,1,284,4,6,0,0,0,0,0,1,0,0,0,0,0,0,79
1,1,285,2,6,0,0,0,0,0,1,0,0,0,0,0,0,84
1,1,286,3,6,0,0,0,0,0,1,0,0,0,0,0,0,91
1,1,287,4,7,0,0,0,0,0,0,1,0,0,0,0,0,103
1,1,288,3,7,0,0,0,0,0,0,1,0,0,0,0,0,105
1,1,289,0,7,0,0,0,0,0,0,1,0,0,0,0,0,95
1,1,290,2,7,0,0,0,0,0,0,1,0,0,0,0,0,97
1,1,291,1,7,0,0,0,0,0,0,1,0,0,0,0,0,112
1,1,292,2,8,0,0,0,0,0,0,0,1,0,0,0,0,92
1,1,293,2,8,0,0,0,0,0,0,0,1,0,0,0,0,95
1,1,294,4,8,0,0,0,0,0,0,0,1,0,0,0,0,87
1,1,295,2,8,0,0,0,0,0,0,0,1,0,0,0,0,110
1,1,296,3,9,0,0,0,0,0,0,0,0,1,0,0,0,98
1,1,297,3,9,0,0,0,0,0,0,0,0,1,0,0,0,107
1,1,298,0,9,0,0,0,0,0,0,0,0,1,0,0,0,74
1,1,299,4,9,0,0,0,0,0,0,0,0,1,0,0,0,96
1,1,300,2,10,0,0,0,0,0,0,0,0,0,1,0,0,109
1,1,301,2,10,0,0,0,0,0,0,0,0,0,1,0,0,88
1,1,302,1,10,0,0,0,0,0,0,0,0,0,1,0,0,86
1,1,303,4,10,0,0,0,0,0,0,0,0,0,1,0,0,93
1,1,304,3,10,0,0,0,0,0,0,0,0,0,1,0,0,97
1,1,305,1,11,0,0,0,0,0,0,0,0,0,0,1,0,86
1,1,306,3,11,0,0,0,0,0,0,0,0,0,0,1,0,99
1,1,307,2,11,0,0,0,0,0,0,0,0,0,0,1,0,82
1,1,308,5,11,0,0,0,0,0,0,0,0,0,0,1,0,119
1,1,309,4,12,0,0,0,0,0,0,0,0,0,0,0,1,102
1,1,310,2,12,0,0,0,0,0,0,0,0,0,0,0,1,82
1,1,311,3,12,0,0,0,0,0,0,0,0,0,0,0,1,141
1,1,312,2,12,0,0,0,0,0,0,0,0,0,0,0,1,116
